<?xml version="1.0" encoding="UTF-8"?>
<addon id="plugin.video.omega" name="Omega" version="2.29" provider-name="tonikelope">
    <requires>
        <import addon="plugin.video.alfa"/>
    </requires>
    <extension point="xbmc.python.pluginsource" library="addon.py">
        <provides>video</provides>
    </extension>
    <extension point="xbmc.addon.metadata">
        <description lang="es">Con cariño y sin garantía ;) para mis amiguetes de [B][I]NEI[/I][/B].

(Gracias a la gente de ALFA y de KODI por su magnífico trabajo y por supuesto, a MEGA).

[I]© tonikelope Solutions S.L.[/I]
[B][I]El conocimiento humano pertenece al mundo.[/I][/B]</description>
        <disclaimer lang="es">[COLOR red]Los propietarios y distribuidores de este addon no proveen ni distribuyen ningún contenido mostrado por el addon ni tienen afiliación alguna con los proveedores del contenido[/COLOR]</disclaimer>
        <language>es</language> <!-- the language of the videos or other content the plugin provides, may be omitted in case the addon does not provide any content -->
        <platform>all</platform>
        <license>GNU GPL v3</license>
        <email>tonikelope@gmail.com</email> <!-- may be left omitted  -->
        <source>https://github.com/tonikelope/omega</source>
        <news></news>
        <assets>
            <icon>resources/icon.gif</icon>
            <fanart>resources/fanart.png</fanart>
            <screenshot>resources/ekinot.png</screenshot>
            <screenshot>resources/megacrypter.png</screenshot>
            <screenshot>resources/megabasterd.png</screenshot>
            <screenshot>resources/megadoctor.png</screenshot>
        </assets>
    </extension>
    <extension point="xbmc.service" library="watchdog.py" start="login|startup"></extension>
</addon>
