{
  "action": "mainlist",
  "category": "OMEGA",
  "channel": "omega",
  "context": [
    {
      "action": "channel_config",
      "channel": "setting",
      "config": "omega",
      "from_action": "mainlist",
      "from_channel": "omega",
      "title": "Configurar canal"
    }
  ],
  "fanart": "/resources/media/channels/thumb/omega.png",
  "frequency": 2,
  "infoLabels": {
    "mediatype": "list"
  },
  "language": [
    "cast"
  ],
  "thumbnail": "/resources/media/channels/thumb/omega.gif",
  "title": "OMEGA",
  "totalItems": 0,
  "viewmode": "list"
}